frame,detections
14,"defaultdict(<class 'int'>, {'person': 2})"
16,"defaultdict(<class 'int'>, {'person': 1})"
18,"defaultdict(<class 'int'>, {'person': 1})"
20,"defaultdict(<class 'int'>, {'person': 1})"
22,"defaultdict(<class 'int'>, {'person': 1})"
24,"defaultdict(<class 'int'>, {'person': 1})"
26,"defaultdict(<class 'int'>, {'person': 1})"
28,"defaultdict(<class 'int'>, {'person': 2})"
30,"defaultdict(<class 'int'>, {'person': 2})"
32,"defaultdict(<class 'int'>, {'person': 2})"
34,"defaultdict(<class 'int'>, {'person': 1})"
36,"defaultdict(<class 'int'>, {'person': 1})"
38,"defaultdict(<class 'int'>, {'person': 1})"
40,"defaultdict(<class 'int'>, {'person': 1})"
42,"defaultdict(<class 'int'>, {'person': 1})"
44,"defaultdict(<class 'int'>, {'person': 1})"
46,"defaultdict(<class 'int'>, {'person': 1})"
48,"defaultdict(<class 'int'>, {'person': 1})"
50,"defaultdict(<class 'int'>, {'person': 1})"
52,"defaultdict(<class 'int'>, {'person': 1})"
54,"defaultdict(<class 'int'>, {'person': 1})"
56,"defaultdict(<class 'int'>, {'person': 2})"
58,"defaultdict(<class 'int'>, {'person': 2})"
60,"defaultdict(<class 'int'>, {'person': 2})"
62,"defaultdict(<class 'int'>, {'person': 1})"
64,"defaultdict(<class 'int'>, {'person': 1})"
66,"defaultdict(<class 'int'>, {'person': 1})"
68,"defaultdict(<class 'int'>, {'person': 1})"
70,"defaultdict(<class 'int'>, {'person': 1})"
72,"defaultdict(<class 'int'>, {'person': 1})"
74,"defaultdict(<class 'int'>, {'person': 1})"
76,"defaultdict(<class 'int'>, {'person': 1})"
78,"defaultdict(<class 'int'>, {'person': 1})"
80,"defaultdict(<class 'int'>, {'person': 1})"
82,"defaultdict(<class 'int'>, {'person': 1})"
84,"defaultdict(<class 'int'>, {'person': 1})"
86,"defaultdict(<class 'int'>, {'person': 1})"
88,"defaultdict(<class 'int'>, {'person': 1})"
90,"defaultdict(<class 'int'>, {'person': 1})"
92,"defaultdict(<class 'int'>, {'person': 1})"
94,"defaultdict(<class 'int'>, {'person': 1})"
96,"defaultdict(<class 'int'>, {'person': 1})"
98,"defaultdict(<class 'int'>, {'person': 1})"
100,"defaultdict(<class 'int'>, {'person': 1})"
102,"defaultdict(<class 'int'>, {'person': 1})"
104,"defaultdict(<class 'int'>, {'person': 1})"
106,"defaultdict(<class 'int'>, {'person': 1})"
108,"defaultdict(<class 'int'>, {'person': 1})"
110,"defaultdict(<class 'int'>, {'person': 1})"
112,"defaultdict(<class 'int'>, {'person': 1})"
114,"defaultdict(<class 'int'>, {'person': 1})"
116,"defaultdict(<class 'int'>, {'person': 1})"
118,"defaultdict(<class 'int'>, {'person': 1})"
120,"defaultdict(<class 'int'>, {'person': 1})"
122,"defaultdict(<class 'int'>, {'person': 1})"
124,"defaultdict(<class 'int'>, {'person': 1})"
126,"defaultdict(<class 'int'>, {'person': 1})"
128,"defaultdict(<class 'int'>, {'person': 1})"
130,"defaultdict(<class 'int'>, {'person': 1})"
132,"defaultdict(<class 'int'>, {'person': 1})"
134,"defaultdict(<class 'int'>, {'person': 1})"
136,"defaultdict(<class 'int'>, {'person': 1})"
138,"defaultdict(<class 'int'>, {'person': 1})"
140,"defaultdict(<class 'int'>, {'person': 1})"
142,"defaultdict(<class 'int'>, {'person': 1})"
144,"defaultdict(<class 'int'>, {'person': 1})"
146,"defaultdict(<class 'int'>, {'person': 1})"
148,"defaultdict(<class 'int'>, {'person': 1})"
150,"defaultdict(<class 'int'>, {'person': 1})"
152,"defaultdict(<class 'int'>, {'person': 1})"
154,"defaultdict(<class 'int'>, {'person': 1})"
156,"defaultdict(<class 'int'>, {'person': 1})"
158,"defaultdict(<class 'int'>, {'person': 1})"
160,"defaultdict(<class 'int'>, {'person': 1})"
162,"defaultdict(<class 'int'>, {'person': 1})"
164,"defaultdict(<class 'int'>, {'person': 1})"
166,"defaultdict(<class 'int'>, {'person': 1})"
168,"defaultdict(<class 'int'>, {'person': 1})"
170,"defaultdict(<class 'int'>, {'person': 1})"
172,"defaultdict(<class 'int'>, {'person': 1})"
174,"defaultdict(<class 'int'>, {'person': 1})"
176,"defaultdict(<class 'int'>, {'person': 1})"
178,"defaultdict(<class 'int'>, {'person': 1})"
180,"defaultdict(<class 'int'>, {'person': 1})"
182,"defaultdict(<class 'int'>, {'person': 1})"
184,"defaultdict(<class 'int'>, {'person': 1})"
186,"defaultdict(<class 'int'>, {'person': 1})"
188,"defaultdict(<class 'int'>, {'person': 1})"
190,"defaultdict(<class 'int'>, {'person': 1})"
192,"defaultdict(<class 'int'>, {'person': 1})"
194,"defaultdict(<class 'int'>, {'person': 1})"
196,"defaultdict(<class 'int'>, {'person': 1})"
198,"defaultdict(<class 'int'>, {'person': 1})"
200,"defaultdict(<class 'int'>, {'person': 1})"
202,"defaultdict(<class 'int'>, {'person': 1})"
204,"defaultdict(<class 'int'>, {'person': 1})"
206,"defaultdict(<class 'int'>, {'person': 1})"
208,"defaultdict(<class 'int'>, {'person': 1})"
210,"defaultdict(<class 'int'>, {'person': 1})"
212,"defaultdict(<class 'int'>, {'person': 1})"
214,"defaultdict(<class 'int'>, {'person': 1})"
216,"defaultdict(<class 'int'>, {'person': 1})"
218,"defaultdict(<class 'int'>, {'person': 1})"
220,"defaultdict(<class 'int'>, {'person': 1})"
222,"defaultdict(<class 'int'>, {'person': 1})"
224,"defaultdict(<class 'int'>, {'person': 1})"
226,"defaultdict(<class 'int'>, {'person': 1})"
228,"defaultdict(<class 'int'>, {'person': 1})"
230,"defaultdict(<class 'int'>, {'person': 1})"
232,"defaultdict(<class 'int'>, {'person': 1})"
234,"defaultdict(<class 'int'>, {'person': 1})"
236,"defaultdict(<class 'int'>, {'person': 1})"
238,"defaultdict(<class 'int'>, {'person': 1})"
240,"defaultdict(<class 'int'>, {'person': 1})"
242,"defaultdict(<class 'int'>, {'person': 1})"
244,"defaultdict(<class 'int'>, {'person': 1})"
246,"defaultdict(<class 'int'>, {'person': 1})"
248,"defaultdict(<class 'int'>, {'person': 1})"
250,"defaultdict(<class 'int'>, {'person': 1})"
252,"defaultdict(<class 'int'>, {'person': 1})"
254,"defaultdict(<class 'int'>, {'person': 1})"
256,"defaultdict(<class 'int'>, {'person': 1})"
258,"defaultdict(<class 'int'>, {'person': 1})"
260,"defaultdict(<class 'int'>, {'person': 1})"
262,"defaultdict(<class 'int'>, {'person': 1})"
264,"defaultdict(<class 'int'>, {'person': 1})"
266,"defaultdict(<class 'int'>, {'person': 1})"
268,"defaultdict(<class 'int'>, {'person': 1})"
270,"defaultdict(<class 'int'>, {'person': 1})"
272,"defaultdict(<class 'int'>, {'person': 1})"
274,"defaultdict(<class 'int'>, {'person': 1})"
276,"defaultdict(<class 'int'>, {'person': 1})"
278,"defaultdict(<class 'int'>, {'person': 1})"
280,"defaultdict(<class 'int'>, {'person': 1})"
282,"defaultdict(<class 'int'>, {'person': 1})"
284,"defaultdict(<class 'int'>, {'person': 1})"
286,"defaultdict(<class 'int'>, {'person': 1})"
288,"defaultdict(<class 'int'>, {'person': 1})"
290,"defaultdict(<class 'int'>, {'person': 1})"
292,"defaultdict(<class 'int'>, {'person': 1})"
294,"defaultdict(<class 'int'>, {'person': 1})"
296,"defaultdict(<class 'int'>, {'person': 1})"
298,"defaultdict(<class 'int'>, {'person': 1})"
300,"defaultdict(<class 'int'>, {'person': 1})"
302,"defaultdict(<class 'int'>, {'person': 1})"
304,"defaultdict(<class 'int'>, {'person': 1})"
306,"defaultdict(<class 'int'>, {'person': 1})"
308,"defaultdict(<class 'int'>, {'person': 1})"
310,"defaultdict(<class 'int'>, {'person': 1})"
312,"defaultdict(<class 'int'>, {'person': 1})"
314,"defaultdict(<class 'int'>, {'person': 1})"
316,"defaultdict(<class 'int'>, {'person': 1})"
318,"defaultdict(<class 'int'>, {'person': 1})"
320,"defaultdict(<class 'int'>, {'person': 1})"
322,"defaultdict(<class 'int'>, {'person': 1})"
324,"defaultdict(<class 'int'>, {'person': 1})"
326,"defaultdict(<class 'int'>, {'person': 1})"
328,"defaultdict(<class 'int'>, {'person': 1})"
330,"defaultdict(<class 'int'>, {'person': 1})"
332,"defaultdict(<class 'int'>, {'person': 1})"
334,"defaultdict(<class 'int'>, {'person': 1})"
336,"defaultdict(<class 'int'>, {'person': 1})"
338,"defaultdict(<class 'int'>, {'person': 1})"
340,"defaultdict(<class 'int'>, {'person': 1})"
342,"defaultdict(<class 'int'>, {'person': 1})"
344,"defaultdict(<class 'int'>, {'person': 1})"
346,"defaultdict(<class 'int'>, {'person': 1})"
348,"defaultdict(<class 'int'>, {'person': 1})"
350,"defaultdict(<class 'int'>, {'person': 1})"
352,"defaultdict(<class 'int'>, {'person': 1})"
354,"defaultdict(<class 'int'>, {'person': 1})"
356,"defaultdict(<class 'int'>, {'person': 1})"
358,"defaultdict(<class 'int'>, {'person': 1})"
360,"defaultdict(<class 'int'>, {'person': 1})"
362,"defaultdict(<class 'int'>, {'person': 1})"
364,"defaultdict(<class 'int'>, {'person': 1})"
366,"defaultdict(<class 'int'>, {'person': 1})"
368,"defaultdict(<class 'int'>, {'person': 1})"
370,"defaultdict(<class 'int'>, {'person': 1})"
372,"defaultdict(<class 'int'>, {'person': 1})"
374,"defaultdict(<class 'int'>, {'person': 1})"
376,"defaultdict(<class 'int'>, {'person': 1})"
378,"defaultdict(<class 'int'>, {'person': 1})"
380,"defaultdict(<class 'int'>, {'person': 1})"
382,"defaultdict(<class 'int'>, {'person': 1})"
384,"defaultdict(<class 'int'>, {'person': 1})"
386,"defaultdict(<class 'int'>, {'person': 1})"
388,"defaultdict(<class 'int'>, {'person': 1})"
390,"defaultdict(<class 'int'>, {'person': 1})"
392,"defaultdict(<class 'int'>, {'person': 1})"
394,"defaultdict(<class 'int'>, {'person': 1})"
396,"defaultdict(<class 'int'>, {'person': 1})"
398,"defaultdict(<class 'int'>, {'person': 1})"
400,"defaultdict(<class 'int'>, {'person': 1})"
402,"defaultdict(<class 'int'>, {'person': 1})"
404,"defaultdict(<class 'int'>, {'person': 1})"
406,"defaultdict(<class 'int'>, {'person': 1})"
408,"defaultdict(<class 'int'>, {'person': 1})"
410,"defaultdict(<class 'int'>, {'person': 1})"
412,"defaultdict(<class 'int'>, {'person': 1})"
414,"defaultdict(<class 'int'>, {'person': 1})"
416,"defaultdict(<class 'int'>, {'person': 1})"
418,"defaultdict(<class 'int'>, {'person': 1})"
420,"defaultdict(<class 'int'>, {'person': 1})"
422,"defaultdict(<class 'int'>, {'person': 1})"
424,"defaultdict(<class 'int'>, {'person': 1})"
426,"defaultdict(<class 'int'>, {'person': 1})"
428,"defaultdict(<class 'int'>, {'person': 1})"
430,"defaultdict(<class 'int'>, {'person': 1})"
432,"defaultdict(<class 'int'>, {'person': 1})"
434,"defaultdict(<class 'int'>, {'person': 1})"
436,"defaultdict(<class 'int'>, {'person': 1})"
438,"defaultdict(<class 'int'>, {'person': 1})"
440,"defaultdict(<class 'int'>, {'person': 1})"
442,"defaultdict(<class 'int'>, {'person': 1})"
444,"defaultdict(<class 'int'>, {'person': 1})"
446,"defaultdict(<class 'int'>, {'person': 1})"
448,"defaultdict(<class 'int'>, {'person': 1})"
450,"defaultdict(<class 'int'>, {'person': 1})"
452,"defaultdict(<class 'int'>, {'person': 1})"
454,"defaultdict(<class 'int'>, {'person': 1})"
456,"defaultdict(<class 'int'>, {'person': 1})"
458,"defaultdict(<class 'int'>, {'person': 1})"
460,"defaultdict(<class 'int'>, {'person': 1})"
462,"defaultdict(<class 'int'>, {'person': 1})"
464,"defaultdict(<class 'int'>, {'person': 1})"
466,"defaultdict(<class 'int'>, {'person': 1})"
468,"defaultdict(<class 'int'>, {'person': 1})"
470,"defaultdict(<class 'int'>, {'person': 1})"
472,"defaultdict(<class 'int'>, {'person': 1})"
474,"defaultdict(<class 'int'>, {'person': 1})"
476,"defaultdict(<class 'int'>, {'person': 1})"
478,"defaultdict(<class 'int'>, {'person': 1})"
480,"defaultdict(<class 'int'>, {'person': 1})"
482,"defaultdict(<class 'int'>, {'person': 1})"
484,"defaultdict(<class 'int'>, {'person': 1})"
486,"defaultdict(<class 'int'>, {'person': 1})"
488,"defaultdict(<class 'int'>, {'person': 1})"
490,"defaultdict(<class 'int'>, {'person': 1})"
492,"defaultdict(<class 'int'>, {'person': 1})"
494,"defaultdict(<class 'int'>, {'person': 1})"
496,"defaultdict(<class 'int'>, {'person': 1})"
498,"defaultdict(<class 'int'>, {'person': 1})"
500,"defaultdict(<class 'int'>, {'person': 1})"
502,"defaultdict(<class 'int'>, {'person': 1})"
504,"defaultdict(<class 'int'>, {'person': 1})"
506,"defaultdict(<class 'int'>, {'person': 1})"
508,"defaultdict(<class 'int'>, {'person': 1})"
510,"defaultdict(<class 'int'>, {'person': 1})"
512,"defaultdict(<class 'int'>, {'person': 1})"
514,"defaultdict(<class 'int'>, {'person': 1})"
516,"defaultdict(<class 'int'>, {'person': 1})"
518,"defaultdict(<class 'int'>, {'person': 1})"
520,"defaultdict(<class 'int'>, {'person': 1})"
522,"defaultdict(<class 'int'>, {'person': 1})"
524,"defaultdict(<class 'int'>, {'person': 1})"
526,"defaultdict(<class 'int'>, {'person': 1})"
528,"defaultdict(<class 'int'>, {'person': 1})"
530,"defaultdict(<class 'int'>, {'person': 1})"
532,"defaultdict(<class 'int'>, {'person': 1})"
534,"defaultdict(<class 'int'>, {'person': 1})"
536,"defaultdict(<class 'int'>, {'person': 1})"
538,"defaultdict(<class 'int'>, {'person': 1})"
540,"defaultdict(<class 'int'>, {'person': 1})"
542,"defaultdict(<class 'int'>, {'person': 1})"
544,"defaultdict(<class 'int'>, {'person': 1})"
546,"defaultdict(<class 'int'>, {'person': 1})"
548,"defaultdict(<class 'int'>, {'person': 1})"
550,"defaultdict(<class 'int'>, {'person': 1})"
552,"defaultdict(<class 'int'>, {'person': 1})"
554,"defaultdict(<class 'int'>, {'person': 1})"
556,"defaultdict(<class 'int'>, {'person': 1})"
558,"defaultdict(<class 'int'>, {'person': 1})"
560,"defaultdict(<class 'int'>, {'person': 1})"
562,"defaultdict(<class 'int'>, {'person': 1})"
564,"defaultdict(<class 'int'>, {'person': 1})"
566,"defaultdict(<class 'int'>, {'person': 1})"
568,"defaultdict(<class 'int'>, {'person': 1})"
570,"defaultdict(<class 'int'>, {'person': 1})"
572,"defaultdict(<class 'int'>, {'person': 1})"
574,"defaultdict(<class 'int'>, {'person': 1})"
576,"defaultdict(<class 'int'>, {'person': 1})"
578,"defaultdict(<class 'int'>, {'person': 1})"
580,"defaultdict(<class 'int'>, {'person': 1})"
582,"defaultdict(<class 'int'>, {'person': 1})"
584,"defaultdict(<class 'int'>, {'person': 1})"
586,"defaultdict(<class 'int'>, {'person': 1})"
588,"defaultdict(<class 'int'>, {'person': 1})"
590,"defaultdict(<class 'int'>, {'person': 1})"
592,"defaultdict(<class 'int'>, {'person': 1})"
594,"defaultdict(<class 'int'>, {'person': 1})"
596,"defaultdict(<class 'int'>, {'person': 1})"
598,"defaultdict(<class 'int'>, {'person': 1})"
600,"defaultdict(<class 'int'>, {'person': 1})"
602,"defaultdict(<class 'int'>, {'person': 1})"
604,"defaultdict(<class 'int'>, {'person': 1})"
606,"defaultdict(<class 'int'>, {'person': 1})"
608,"defaultdict(<class 'int'>, {'person': 1})"
610,"defaultdict(<class 'int'>, {'person': 1})"
612,"defaultdict(<class 'int'>, {'person': 1})"
614,"defaultdict(<class 'int'>, {'person': 1})"
616,"defaultdict(<class 'int'>, {'person': 1})"
618,"defaultdict(<class 'int'>, {'person': 1})"
620,"defaultdict(<class 'int'>, {'person': 1})"
622,"defaultdict(<class 'int'>, {'person': 1})"
624,"defaultdict(<class 'int'>, {'person': 1})"
626,"defaultdict(<class 'int'>, {'person': 1})"
628,"defaultdict(<class 'int'>, {'person': 1})"
630,"defaultdict(<class 'int'>, {'person': 1})"
632,"defaultdict(<class 'int'>, {'person': 1})"
634,"defaultdict(<class 'int'>, {'person': 1})"
636,"defaultdict(<class 'int'>, {'person': 1})"
638,"defaultdict(<class 'int'>, {'person': 1})"
640,"defaultdict(<class 'int'>, {'person': 1})"
642,"defaultdict(<class 'int'>, {'person': 1})"
644,"defaultdict(<class 'int'>, {'person': 1})"
646,"defaultdict(<class 'int'>, {'person': 2})"
648,"defaultdict(<class 'int'>, {'person': 2})"
650,"defaultdict(<class 'int'>, {'person': 2})"
652,"defaultdict(<class 'int'>, {'person': 1})"
654,"defaultdict(<class 'int'>, {'person': 1})"
656,"defaultdict(<class 'int'>, {'person': 1})"
658,"defaultdict(<class 'int'>, {'person': 1})"
660,"defaultdict(<class 'int'>, {'person': 1})"
662,"defaultdict(<class 'int'>, {'person': 1})"
664,"defaultdict(<class 'int'>, {'person': 1})"
666,"defaultdict(<class 'int'>, {'person': 1})"
668,"defaultdict(<class 'int'>, {'person': 1})"
670,"defaultdict(<class 'int'>, {'person': 1})"
672,"defaultdict(<class 'int'>, {'person': 1})"
674,"defaultdict(<class 'int'>, {'person': 1})"
676,"defaultdict(<class 'int'>, {'person': 1})"
678,"defaultdict(<class 'int'>, {'person': 1})"
680,"defaultdict(<class 'int'>, {'person': 1})"
682,"defaultdict(<class 'int'>, {'person': 1})"
684,"defaultdict(<class 'int'>, {'person': 1})"
686,"defaultdict(<class 'int'>, {'person': 1})"
688,"defaultdict(<class 'int'>, {'person': 1})"
690,"defaultdict(<class 'int'>, {'person': 2})"
692,"defaultdict(<class 'int'>, {'person': 2})"
694,"defaultdict(<class 'int'>, {'person': 2})"
696,"defaultdict(<class 'int'>, {'person': 1})"
698,"defaultdict(<class 'int'>, {'person': 1})"
700,"defaultdict(<class 'int'>, {'person': 1})"
702,"defaultdict(<class 'int'>, {'person': 1})"
704,"defaultdict(<class 'int'>, {'person': 1})"
706,"defaultdict(<class 'int'>, {'person': 1})"
708,"defaultdict(<class 'int'>, {'person': 1})"
710,"defaultdict(<class 'int'>, {'person': 1})"
712,"defaultdict(<class 'int'>, {'person': 1})"
714,"defaultdict(<class 'int'>, {'person': 1})"
716,"defaultdict(<class 'int'>, {'person': 1})"
718,"defaultdict(<class 'int'>, {'person': 1})"
720,"defaultdict(<class 'int'>, {'person': 1})"
722,"defaultdict(<class 'int'>, {'person': 1})"
724,"defaultdict(<class 'int'>, {'person': 1})"
726,"defaultdict(<class 'int'>, {'person': 1})"
728,"defaultdict(<class 'int'>, {'person': 1})"
730,"defaultdict(<class 'int'>, {'person': 1})"
732,"defaultdict(<class 'int'>, {'person': 1})"
734,"defaultdict(<class 'int'>, {'person': 1})"
736,"defaultdict(<class 'int'>, {'person': 1})"
738,"defaultdict(<class 'int'>, {'person': 1})"
740,"defaultdict(<class 'int'>, {'person': 1})"
742,"defaultdict(<class 'int'>, {'person': 1})"
744,"defaultdict(<class 'int'>, {'person': 1})"
746,"defaultdict(<class 'int'>, {'person': 1})"
748,"defaultdict(<class 'int'>, {'person': 1})"
750,"defaultdict(<class 'int'>, {'person': 1})"
752,"defaultdict(<class 'int'>, {'person': 1})"
754,"defaultdict(<class 'int'>, {'person': 1})"
756,"defaultdict(<class 'int'>, {'person': 1})"
758,"defaultdict(<class 'int'>, {'person': 1})"
760,"defaultdict(<class 'int'>, {'person': 1})"
762,"defaultdict(<class 'int'>, {'person': 1})"
764,"defaultdict(<class 'int'>, {'person': 1})"
766,"defaultdict(<class 'int'>, {'person': 1})"
768,"defaultdict(<class 'int'>, {'person': 1})"
770,"defaultdict(<class 'int'>, {'person': 1})"
772,"defaultdict(<class 'int'>, {'person': 1})"
774,"defaultdict(<class 'int'>, {'person': 1})"
776,"defaultdict(<class 'int'>, {'person': 1})"
778,"defaultdict(<class 'int'>, {'person': 1})"
780,"defaultdict(<class 'int'>, {'person': 1})"
782,"defaultdict(<class 'int'>, {'person': 1})"
784,"defaultdict(<class 'int'>, {'person': 1})"
786,"defaultdict(<class 'int'>, {'person': 1})"
788,"defaultdict(<class 'int'>, {'person': 1})"
790,"defaultdict(<class 'int'>, {'person': 1})"
792,"defaultdict(<class 'int'>, {'person': 1})"
794,"defaultdict(<class 'int'>, {'person': 1})"
796,"defaultdict(<class 'int'>, {'person': 1})"
798,"defaultdict(<class 'int'>, {'person': 1})"
800,"defaultdict(<class 'int'>, {'person': 1})"
802,"defaultdict(<class 'int'>, {'person': 1})"
804,"defaultdict(<class 'int'>, {'person': 1})"
806,"defaultdict(<class 'int'>, {'person': 1})"
808,"defaultdict(<class 'int'>, {'person': 1})"
810,"defaultdict(<class 'int'>, {'person': 1})"
812,"defaultdict(<class 'int'>, {'person': 1})"
814,"defaultdict(<class 'int'>, {'person': 1})"
816,"defaultdict(<class 'int'>, {'person': 1})"
818,"defaultdict(<class 'int'>, {'person': 1})"
820,"defaultdict(<class 'int'>, {'person': 1})"
822,"defaultdict(<class 'int'>, {'person': 1})"
824,"defaultdict(<class 'int'>, {'person': 1})"
826,"defaultdict(<class 'int'>, {'person': 1})"
828,"defaultdict(<class 'int'>, {'person': 1})"
830,"defaultdict(<class 'int'>, {'person': 1})"
832,"defaultdict(<class 'int'>, {'person': 1})"
834,"defaultdict(<class 'int'>, {'person': 1})"
836,"defaultdict(<class 'int'>, {'person': 1})"
838,"defaultdict(<class 'int'>, {'person': 1})"
840,"defaultdict(<class 'int'>, {'person': 1})"
842,"defaultdict(<class 'int'>, {'person': 1})"
844,"defaultdict(<class 'int'>, {'person': 1})"
846,"defaultdict(<class 'int'>, {'person': 1})"
848,"defaultdict(<class 'int'>, {'person': 1})"
850,"defaultdict(<class 'int'>, {'person': 1})"
852,"defaultdict(<class 'int'>, {'person': 1})"
854,"defaultdict(<class 'int'>, {'person': 1})"
856,"defaultdict(<class 'int'>, {'person': 1})"
858,"defaultdict(<class 'int'>, {'person': 1})"
860,"defaultdict(<class 'int'>, {'person': 1})"
862,"defaultdict(<class 'int'>, {'person': 1})"
864,"defaultdict(<class 'int'>, {'person': 1})"
866,"defaultdict(<class 'int'>, {'person': 1})"
868,"defaultdict(<class 'int'>, {'person': 1})"
870,"defaultdict(<class 'int'>, {'person': 1})"
872,"defaultdict(<class 'int'>, {'person': 1})"
874,"defaultdict(<class 'int'>, {'person': 1})"
876,"defaultdict(<class 'int'>, {'person': 1})"
878,"defaultdict(<class 'int'>, {'person': 1})"
880,"defaultdict(<class 'int'>, {'person': 1})"
882,"defaultdict(<class 'int'>, {'person': 1})"
884,"defaultdict(<class 'int'>, {'person': 1})"
886,"defaultdict(<class 'int'>, {'person': 1})"
888,"defaultdict(<class 'int'>, {'person': 1})"
890,"defaultdict(<class 'int'>, {'person': 1})"
892,"defaultdict(<class 'int'>, {'person': 1})"
894,"defaultdict(<class 'int'>, {'person': 1})"
896,"defaultdict(<class 'int'>, {'person': 1})"
898,"defaultdict(<class 'int'>, {'person': 1})"
900,"defaultdict(<class 'int'>, {'person': 1})"
902,"defaultdict(<class 'int'>, {'person': 1})"
904,"defaultdict(<class 'int'>, {'person': 1})"
906,"defaultdict(<class 'int'>, {'person': 1})"
908,"defaultdict(<class 'int'>, {'person': 1})"
910,"defaultdict(<class 'int'>, {'person': 1})"
912,"defaultdict(<class 'int'>, {'person': 1})"
914,"defaultdict(<class 'int'>, {'person': 1})"
916,"defaultdict(<class 'int'>, {'person': 1})"
918,"defaultdict(<class 'int'>, {'person': 1})"
920,"defaultdict(<class 'int'>, {'person': 1})"
922,"defaultdict(<class 'int'>, {'person': 1})"
924,"defaultdict(<class 'int'>, {'person': 1})"
926,"defaultdict(<class 'int'>, {'person': 1})"
928,"defaultdict(<class 'int'>, {'person': 1})"
930,"defaultdict(<class 'int'>, {'person': 1})"
932,"defaultdict(<class 'int'>, {'person': 1})"
934,"defaultdict(<class 'int'>, {'person': 1})"
936,"defaultdict(<class 'int'>, {'person': 1})"
938,"defaultdict(<class 'int'>, {'person': 1})"
940,"defaultdict(<class 'int'>, {'person': 1})"
942,"defaultdict(<class 'int'>, {'person': 1})"
944,"defaultdict(<class 'int'>, {'person': 1})"
946,"defaultdict(<class 'int'>, {'person': 1})"
948,"defaultdict(<class 'int'>, {'person': 1})"
950,"defaultdict(<class 'int'>, {'person': 1})"
952,"defaultdict(<class 'int'>, {'person': 1})"
954,"defaultdict(<class 'int'>, {'person': 1})"
956,"defaultdict(<class 'int'>, {'person': 1})"
958,"defaultdict(<class 'int'>, {'person': 1})"
960,"defaultdict(<class 'int'>, {'person': 1})"
962,"defaultdict(<class 'int'>, {'person': 1})"
964,"defaultdict(<class 'int'>, {'person': 1})"
966,"defaultdict(<class 'int'>, {'person': 1})"
968,"defaultdict(<class 'int'>, {'person': 1})"
970,"defaultdict(<class 'int'>, {'person': 1})"
972,"defaultdict(<class 'int'>, {'person': 1})"
974,"defaultdict(<class 'int'>, {'person': 1})"
976,"defaultdict(<class 'int'>, {'person': 1})"
978,"defaultdict(<class 'int'>, {'person': 1})"
980,"defaultdict(<class 'int'>, {'person': 1})"
982,"defaultdict(<class 'int'>, {'person': 1})"
984,"defaultdict(<class 'int'>, {'person': 1})"
986,"defaultdict(<class 'int'>, {'person': 1})"
988,"defaultdict(<class 'int'>, {'person': 1})"
990,"defaultdict(<class 'int'>, {'person': 1})"
992,"defaultdict(<class 'int'>, {'person': 1})"
994,"defaultdict(<class 'int'>, {'person': 1})"
996,"defaultdict(<class 'int'>, {'person': 1})"
998,"defaultdict(<class 'int'>, {'person': 1})"
1000,"defaultdict(<class 'int'>, {'person': 1})"
1002,"defaultdict(<class 'int'>, {'person': 1})"
1004,"defaultdict(<class 'int'>, {'person': 1})"
1006,"defaultdict(<class 'int'>, {'person': 1})"
1008,"defaultdict(<class 'int'>, {'person': 1})"
1010,"defaultdict(<class 'int'>, {'person': 1})"
1012,"defaultdict(<class 'int'>, {'person': 1})"
1014,"defaultdict(<class 'int'>, {'person': 1})"
1016,"defaultdict(<class 'int'>, {'person': 1})"
1018,"defaultdict(<class 'int'>, {'person': 1})"
1020,"defaultdict(<class 'int'>, {'person': 1})"
1022,"defaultdict(<class 'int'>, {'person': 1})"
1024,"defaultdict(<class 'int'>, {'person': 1})"
1026,"defaultdict(<class 'int'>, {'person': 1})"
1028,"defaultdict(<class 'int'>, {'person': 1})"
1030,"defaultdict(<class 'int'>, {'person': 1})"
1032,"defaultdict(<class 'int'>, {'person': 1})"
1034,"defaultdict(<class 'int'>, {'person': 1})"
1036,"defaultdict(<class 'int'>, {'person': 1})"
1038,"defaultdict(<class 'int'>, {'person': 1})"
1040,"defaultdict(<class 'int'>, {'person': 1})"
1042,"defaultdict(<class 'int'>, {'person': 1})"
1044,"defaultdict(<class 'int'>, {'person': 1})"
1046,"defaultdict(<class 'int'>, {'person': 1})"
1048,"defaultdict(<class 'int'>, {'person': 1})"
1050,"defaultdict(<class 'int'>, {'person': 1})"
1052,"defaultdict(<class 'int'>, {'person': 1})"
1054,"defaultdict(<class 'int'>, {'person': 1})"
1056,"defaultdict(<class 'int'>, {'person': 1})"
1058,"defaultdict(<class 'int'>, {'person': 1})"
1060,"defaultdict(<class 'int'>, {'person': 1})"
1062,"defaultdict(<class 'int'>, {'person': 1})"
1064,"defaultdict(<class 'int'>, {'person': 1})"
1066,"defaultdict(<class 'int'>, {'person': 1})"
1068,"defaultdict(<class 'int'>, {'person': 1})"
1070,"defaultdict(<class 'int'>, {'person': 1})"
1072,"defaultdict(<class 'int'>, {'person': 1})"
1074,"defaultdict(<class 'int'>, {'person': 1})"
1076,"defaultdict(<class 'int'>, {'person': 1})"
1078,"defaultdict(<class 'int'>, {'person': 1})"
1080,"defaultdict(<class 'int'>, {'person': 1})"
1082,"defaultdict(<class 'int'>, {'person': 1})"
1084,"defaultdict(<class 'int'>, {'person': 1})"
1086,"defaultdict(<class 'int'>, {'person': 1})"
1088,"defaultdict(<class 'int'>, {'person': 1})"
1090,"defaultdict(<class 'int'>, {'person': 1})"
1092,"defaultdict(<class 'int'>, {'person': 1})"
1094,"defaultdict(<class 'int'>, {'person': 1})"
1096,"defaultdict(<class 'int'>, {'person': 1})"
1098,"defaultdict(<class 'int'>, {'person': 1})"
1100,"defaultdict(<class 'int'>, {'person': 1})"
1102,"defaultdict(<class 'int'>, {'person': 1})"
1104,"defaultdict(<class 'int'>, {'person': 1})"
1106,"defaultdict(<class 'int'>, {'person': 1})"
1108,"defaultdict(<class 'int'>, {'person': 1})"
1110,"defaultdict(<class 'int'>, {'person': 1})"
1112,"defaultdict(<class 'int'>, {'person': 1})"
1114,"defaultdict(<class 'int'>, {'person': 1})"
1116,"defaultdict(<class 'int'>, {'person': 1})"
1118,"defaultdict(<class 'int'>, {'person': 1})"
1120,"defaultdict(<class 'int'>, {'person': 1})"
1122,"defaultdict(<class 'int'>, {'person': 1})"
1124,"defaultdict(<class 'int'>, {'person': 1})"
1126,"defaultdict(<class 'int'>, {'person': 1})"
1128,"defaultdict(<class 'int'>, {'person': 1})"
1130,"defaultdict(<class 'int'>, {'person': 1})"
1132,"defaultdict(<class 'int'>, {'person': 1})"
1134,"defaultdict(<class 'int'>, {'person': 1})"
1136,"defaultdict(<class 'int'>, {'person': 1})"
1138,"defaultdict(<class 'int'>, {'person': 1})"
1140,"defaultdict(<class 'int'>, {'person': 1})"
1142,"defaultdict(<class 'int'>, {'person': 1})"
1144,"defaultdict(<class 'int'>, {'person': 1})"
1146,"defaultdict(<class 'int'>, {'person': 1})"
1148,"defaultdict(<class 'int'>, {'person': 1})"
1150,"defaultdict(<class 'int'>, {'person': 1})"
1152,"defaultdict(<class 'int'>, {'person': 1})"
1154,"defaultdict(<class 'int'>, {'person': 1})"
1156,"defaultdict(<class 'int'>, {'person': 1})"
1158,"defaultdict(<class 'int'>, {'person': 1})"
1160,"defaultdict(<class 'int'>, {'person': 1})"
1162,"defaultdict(<class 'int'>, {'person': 1})"
1164,"defaultdict(<class 'int'>, {'person': 1})"
1166,"defaultdict(<class 'int'>, {'person': 1})"
1168,"defaultdict(<class 'int'>, {'person': 1})"
1170,"defaultdict(<class 'int'>, {'person': 1})"
1172,"defaultdict(<class 'int'>, {'person': 1})"
1174,"defaultdict(<class 'int'>, {'person': 1})"
1176,"defaultdict(<class 'int'>, {'person': 1})"
1178,"defaultdict(<class 'int'>, {'person': 1})"
1180,"defaultdict(<class 'int'>, {'person': 1})"
1182,"defaultdict(<class 'int'>, {'person': 1})"
1184,"defaultdict(<class 'int'>, {'person': 1})"
1186,"defaultdict(<class 'int'>, {'person': 1})"
1188,"defaultdict(<class 'int'>, {'person': 1})"
1190,"defaultdict(<class 'int'>, {'person': 1})"
1192,"defaultdict(<class 'int'>, {'person': 1})"
1194,"defaultdict(<class 'int'>, {'person': 1})"
1196,"defaultdict(<class 'int'>, {'person': 1})"
1198,"defaultdict(<class 'int'>, {'person': 1})"
1200,"defaultdict(<class 'int'>, {'person': 1})"
1202,"defaultdict(<class 'int'>, {'person': 1})"
1204,"defaultdict(<class 'int'>, {'person': 1})"
1206,"defaultdict(<class 'int'>, {'person': 1})"
1208,"defaultdict(<class 'int'>, {'person': 1})"
1210,"defaultdict(<class 'int'>, {'person': 1})"
1212,"defaultdict(<class 'int'>, {'person': 1})"
1214,"defaultdict(<class 'int'>, {'person': 1})"
1216,"defaultdict(<class 'int'>, {'person': 1})"
1218,"defaultdict(<class 'int'>, {'person': 1})"
1220,"defaultdict(<class 'int'>, {'person': 1})"
1222,"defaultdict(<class 'int'>, {'person': 1})"
1224,"defaultdict(<class 'int'>, {'person': 1})"
1226,"defaultdict(<class 'int'>, {'person': 1})"
1228,"defaultdict(<class 'int'>, {'person': 1})"
1230,"defaultdict(<class 'int'>, {'person': 1})"
1232,"defaultdict(<class 'int'>, {'person': 1})"
1234,"defaultdict(<class 'int'>, {'person': 1})"
1236,"defaultdict(<class 'int'>, {'person': 1})"
1238,"defaultdict(<class 'int'>, {'person': 1})"
1240,"defaultdict(<class 'int'>, {'person': 1})"
1242,"defaultdict(<class 'int'>, {'person': 1})"
1244,"defaultdict(<class 'int'>, {'person': 1})"
1246,"defaultdict(<class 'int'>, {'person': 1})"
1248,"defaultdict(<class 'int'>, {'person': 1})"
1250,"defaultdict(<class 'int'>, {'person': 1})"
1252,"defaultdict(<class 'int'>, {'person': 1})"
1254,"defaultdict(<class 'int'>, {'person': 1})"
1256,"defaultdict(<class 'int'>, {'person': 1})"
1258,"defaultdict(<class 'int'>, {'person': 1})"
1260,"defaultdict(<class 'int'>, {'person': 1})"
1262,"defaultdict(<class 'int'>, {'person': 1})"
1264,"defaultdict(<class 'int'>, {'person': 1})"
1266,"defaultdict(<class 'int'>, {'person': 1})"
1268,"defaultdict(<class 'int'>, {'person': 1})"
1270,"defaultdict(<class 'int'>, {'person': 1})"
1272,"defaultdict(<class 'int'>, {'person': 1})"
1274,"defaultdict(<class 'int'>, {'person': 1})"
1276,"defaultdict(<class 'int'>, {'person': 1})"
1278,"defaultdict(<class 'int'>, {'person': 1})"
1280,"defaultdict(<class 'int'>, {'person': 1})"
1282,"defaultdict(<class 'int'>, {'person': 1})"
1284,"defaultdict(<class 'int'>, {'person': 1})"
1286,"defaultdict(<class 'int'>, {'person': 1})"
1288,"defaultdict(<class 'int'>, {'person': 1})"
1290,"defaultdict(<class 'int'>, {'person': 1})"
1292,"defaultdict(<class 'int'>, {'person': 1})"
1294,"defaultdict(<class 'int'>, {'person': 1})"
1296,"defaultdict(<class 'int'>, {'person': 1})"
1298,"defaultdict(<class 'int'>, {'person': 1})"
1300,"defaultdict(<class 'int'>, {'person': 1})"
1302,"defaultdict(<class 'int'>, {'person': 1})"
1304,"defaultdict(<class 'int'>, {'person': 1})"
1306,"defaultdict(<class 'int'>, {'person': 1})"
1308,"defaultdict(<class 'int'>, {'person': 1})"
1310,"defaultdict(<class 'int'>, {'person': 1})"
1312,"defaultdict(<class 'int'>, {'person': 1})"
1314,"defaultdict(<class 'int'>, {'person': 1})"
1316,"defaultdict(<class 'int'>, {'person': 1})"
1318,"defaultdict(<class 'int'>, {'person': 1})"
1320,"defaultdict(<class 'int'>, {'person': 1})"
1322,"defaultdict(<class 'int'>, {'person': 1})"
1324,"defaultdict(<class 'int'>, {'person': 1})"
1326,"defaultdict(<class 'int'>, {'person': 1})"
1328,"defaultdict(<class 'int'>, {'person': 1})"
1330,"defaultdict(<class 'int'>, {'person': 1})"
1332,"defaultdict(<class 'int'>, {'person': 1})"
1334,"defaultdict(<class 'int'>, {'person': 1})"
1336,"defaultdict(<class 'int'>, {'person': 1})"
1338,"defaultdict(<class 'int'>, {'person': 1})"
1340,"defaultdict(<class 'int'>, {'person': 1})"
